{"accuracy": 0.6778, "precision_macro": 0.5040236432154158, "precision_micro": 0.6778, "precision_weighted": 0.504723479174188, "recall_macro": 0.6821962320960051, "recall_micro": 0.6778, "recall_weighted": 0.6778, "f1_macro": 0.570239355183387, "f1_micro": 0.6778, "f1_weighted": 0.5691751894228098}