{"accuracy": 0.9445, "precision_macro": 0.9439415977809625, "precision_micro": 0.9445, "precision_weighted": 0.9443948759643351, "recall_macro": 0.9437791898718799, "recall_micro": 0.9445, "recall_weighted": 0.9445, "f1_macro": 0.943803286784582, "f1_micro": 0.9445, "f1_weighted": 0.9443899639041978}