{"accuracy": 0.942, "precision_macro": 0.9414140932180501, "precision_micro": 0.942, "precision_weighted": 0.9419536440873769, "recall_macro": 0.941259335398863, "recall_micro": 0.942, "recall_weighted": 0.942, "f1_macro": 0.9412539088816636, "f1_micro": 0.942, "f1_weighted": 0.941892244334464}