{"train_loss": [1.8120106675338745, 1.5818984169387817, 1.5003913096237183, 1.4461171347045898, 1.4041436294555665, 1.3743250259780884, 1.3503303477478028, 1.327067983932495, 1.3087638508224488, 1.2962982902145386, 1.2840000568389893, 1.2676011249923707, 1.2627053572273255, 1.253989945716858, 1.2379421750640869, 1.2322732389831543, 1.2296805414962768, 1.2174732912826538, 1.2071326490783691, 1.2011529321289063], "train_acc": [0.32426, 0.4255, 0.45806, 0.48344, 0.49706, 0.51098, 0.52148, 0.5294, 0.5374, 0.54084, 0.54902, 0.5542, 0.5568, 0.55814, 0.5663, 0.56892, 0.56986, 0.57282, 0.577, 0.5817], "val_loss": [], "val_acc": []}