{"train_loss": [1.554000277328491, 1.2914415278244018, 1.1748207505226136, 1.0971276799011231, 1.0365557224082946, 0.9981913064193726, 0.961868214302063, 0.9291638516616821, 0.9061041327667236, 0.8822711149978638, 0.8665200220870972, 0.8492638028335572, 0.835584937210083, 0.8158764169311523, 0.807452096195221, 0.7991895310020447, 0.7889867542648316, 0.7779239336776733, 0.7684596829223633, 0.7571366376495361], "train_acc": [0.42918, 0.53774, 0.58382, 0.61514, 0.63792, 0.64742, 0.66274, 0.67572, 0.68348, 0.6902, 0.69636, 0.70318, 0.7078, 0.71574, 0.71516, 0.71892, 0.72162, 0.72566, 0.7292, 0.7349], "val_loss": [], "val_acc": []}