{"train_loss": [1.5918019956588745, 1.3205912796401977, 1.2106181282806396, 1.1325521193504333, 1.0736158740997315, 1.0288470194244386, 0.9919526682281494, 0.9642449312973023, 0.930674164428711, 0.9101898974227906, 0.8829320040893555, 0.867063049659729, 0.8483017579841614, 0.8285970977592468, 0.8182950445938111, 0.8064638027763367, 0.7906979537582397, 0.7818583618927002, 0.7661231645011902, 0.7517096326255799], "train_acc": [0.41294, 0.52138, 0.56726, 0.59888, 0.6194, 0.64022, 0.6505, 0.65832, 0.67274, 0.68226, 0.68928, 0.69548, 0.70214, 0.71006, 0.71448, 0.71546, 0.72134, 0.72538, 0.73236, 0.73518], "val_loss": [], "val_acc": []}