{"train_loss": [1.6029921343231202, 1.3281330867004395, 1.2029109376907348, 1.1206811241531371, 1.0559531230926513, 1.003753977241516, 0.9699966598129273, 0.9369004756355286, 0.9068588527679443, 0.879987598991394, 0.8678759312438965, 0.8488712106704712, 0.8278132662773132, 0.8167394096565247, 0.8058767072677613, 0.795716653842926, 0.7804998132991791, 0.7695079133224487, 0.7629603970718384, 0.7580765146827698], "train_acc": [0.40118, 0.52164, 0.57308, 0.60958, 0.6297, 0.6504, 0.66422, 0.67466, 0.6874, 0.6968, 0.70052, 0.70566, 0.71604, 0.71808, 0.72344, 0.72624, 0.7297, 0.73498, 0.73846, 0.7385], "val_loss": [], "val_acc": []}