{"train_loss": [1.5299527641677857, 1.2447625514793397], "train_acc": [0.44156, 0.5547], "val_loss": [], "val_acc": []}