{"train_loss": [0.2530394327759743, 0.10413801695853472, 0.07943966358204682, 0.06773713597347959, 0.0595605061840266, 0.05391184550784528, 0.050989522970778245, 0.046684370831027625, 0.040526249902990336, 0.040636510096738736, 0.03753340823850594, 0.03406666955015001, 0.03239649818728988, 0.031580196655821055, 0.02897278452644435, 0.02999182579208476, 0.028655954209264988, 0.027746966986955765, 0.027073972035370146, 0.025229726026738838], "train_acc": [0.9206666666666666, 0.9680166666666666, 0.9767833333333333, 0.9795, 0.9821166666666666, 0.9840833333333333, 0.9847833333333333, 0.9855333333333334, 0.9883, 0.9879166666666667, 0.9888666666666667, 0.9892166666666666, 0.98965, 0.9907166666666667, 0.9910333333333333, 0.9908333333333333, 0.9913666666666666, 0.9915333333333334, 0.9912, 0.9922833333333333], "val_loss": [], "val_acc": []}