{"train_loss": [4.666453976101345, 3.7296290980445015, 3.300475804011027, 2.841922918955485, 2.424680635664198, 1.9704441600375706, 1.4618207375208536, 1.1051408184899225, 0.8667714873949687, 0.6535844723383586, 0.46474454005559285, 0.42139589256710475, 0.317546190155877, 0.3395649943086836, 0.2408662372165256, 0.17795379691653782, 0.18786154323154025, 0.14281499286492666, 0.13392088645034367, 0.13471073764893743], "train_acc": [0.027777777777777776, 0.05277777777777778, 0.14722222222222223, 0.23055555555555557, 0.29444444444444445, 0.4638888888888889, 0.6055555555555555, 0.6861111111111111, 0.7583333333333333, 0.8277777777777777, 0.8611111111111112, 0.8944444444444445, 0.9194444444444444, 0.9, 0.9305555555555556, 0.9527777777777777, 0.95, 0.9638888888888889, 0.9583333333333334, 0.9638888888888889], "val_loss": [], "val_acc": []}