{"train_loss": [0.3066017391761144, 0.12004385816057524, 0.09909781045814355, 0.08093401179860035, 0.07848941502012312, 0.06944112159982324, 0.06564458954346676, 0.061735143973305824, 0.05893348314681401, 0.05443055450689668, 0.054451049817881236, 0.050081995581742374, 0.04727201756220311, 0.045563626223057506, 0.04483227696487059, 0.043651036287921795, 0.042744308203132825, 0.04058706163537378, 0.03928549673644205, 0.04015325221125968], "train_acc": [0.9014666666666666, 0.9656, 0.9721833333333333, 0.9770666666666666, 0.9777, 0.9804, 0.9816166666666667, 0.9832833333333333, 0.98345, 0.9846, 0.9843333333333333, 0.9855833333333334, 0.9867, 0.98765, 0.98765, 0.9873833333333333, 0.9876666666666667, 0.9887666666666667, 0.98855, 0.98895], "val_loss": [], "val_acc": []}