{"train_loss": [0.29223368100325264, 0.11168341561903557, 0.08337330656796693, 0.07072588969729841, 0.06307511748820543, 0.05595006602195402, 0.051440336713381114, 0.04732420731211702, 0.044200042134150866, 0.04096911763722698, 0.038371474940050394, 0.03670745459285875, 0.03338495926431691, 0.03272414288505291, 0.029269440152465055, 0.029969737284552926, 0.030105523217034837, 0.026919105837928753, 0.02585338519831033, 0.024508509356466434], "train_acc": [0.9076, 0.9666666666666667, 0.97455, 0.9779666666666667, 0.9806166666666667, 0.9828333333333333, 0.9837166666666667, 0.9851333333333333, 0.9858333333333333, 0.9870666666666666, 0.98765, 0.9886, 0.9892666666666666, 0.9894, 0.9905666666666667, 0.9909666666666667, 0.9903666666666666, 0.9913, 0.9919333333333333, 0.9922333333333333], "val_loss": [], "val_acc": []}