{"train_loss": [0.24647789199699957, 0.09634791830976804, 0.07758169856841365, 0.06456786973079046, 0.059760292632629476, 0.05462794908011953, 0.05071173817738891, 0.045047299107412495, 0.042355058808873094, 0.03811682139566789, 0.03806465669919271, 0.036324155129507804, 0.034202129869395866, 0.030901792293212688, 0.030606417765685668, 0.029664214309010034, 0.028920440235198474, 0.02664515951090337, 0.025983931557027003, 0.025506620493639883], "train_acc": [0.9218166666666666, 0.9706166666666667, 0.97715, 0.9806, 0.98215, 0.9830833333333333, 0.9845833333333334, 0.98615, 0.9870333333333333, 0.98845, 0.9885833333333334, 0.9886333333333334, 0.9897833333333333, 0.99035, 0.9905, 0.9909, 0.9912333333333333, 0.9916, 0.99175, 0.9917166666666667], "val_loss": [], "val_acc": []}