{"train_loss": [0.545569547144572, 0.23139685576756797, 0.19000610947310925, 0.16642233188549677, 0.14986270317733288, 0.14040571201344332, 0.12588903084496658, 0.1217533834417661, 0.12106946513106426, 0.11264203017950059, 0.10967052173664173, 0.1016420400271813, 0.10416438564658165, 0.10243904237101475, 0.09987018439583481, 0.09573761469150582, 0.09237300877620777, 0.09112919744675359, 0.09177636677672465, 0.08965915208272636], "train_acc": [0.8234833333333333, 0.93325, 0.94585, 0.9534333333333334, 0.9575333333333333, 0.9603333333333334, 0.9633333333333334, 0.9648833333333333, 0.9658333333333333, 0.9679, 0.9684, 0.9702833333333334, 0.9704833333333334, 0.9704333333333334, 0.97115, 0.97225, 0.9731833333333333, 0.9734, 0.9740333333333333, 0.97485], "val_loss": [], "val_acc": []}