{"train_loss": [4.302744759453668, 3.4124116155836317, 2.879024134741889, 2.193218617969089, 1.4749839531050788, 1.1693453086747063, 0.8053110308117337, 0.5990986234611935, 0.5000769548945957, 0.35228012137942843, 0.30224153730604386, 0.1908716943528917, 0.23009438233243096, 0.17378156590792868, 0.14540166159470877, 0.131434080877807, 0.10320826512244012, 0.06010289204617341, 0.0935908240162664, 0.10023823293546835], "train_acc": [0.030555555555555555, 0.08333333333333333, 0.20833333333333334, 0.36944444444444446, 0.5944444444444444, 0.6583333333333333, 0.7722222222222223, 0.8444444444444444, 0.8638888888888889, 0.8944444444444445, 0.9055555555555556, 0.9416666666666667, 0.9472222222222222, 0.9611111111111111, 0.9527777777777777, 0.9638888888888889, 0.9638888888888889, 0.9888888888888889, 0.9722222222222222, 0.9722222222222222], "val_loss": [], "val_acc": []}