{"train_loss": [3.964625517527262, 3.411928293440077, 3.1016353554195826, 2.6410574012332493, 2.0740887271033395, 1.6785081810421414, 1.2644379403856065, 1.0769295242097643, 0.8043873773680793, 0.7517773985862732, 0.4789753105905321, 0.4542471355862088, 0.37432471513748167, 0.32136555446518794, 0.2971757368908988, 0.2360254751311408, 0.1875271240870158, 0.17144099473953248, 0.1695124720533689, 0.15009066412846248], "train_acc": [0.025, 0.08611111111111111, 0.16666666666666666, 0.2722222222222222, 0.3972222222222222, 0.49722222222222223, 0.6666666666666666, 0.7027777777777777, 0.7722222222222223, 0.7916666666666666, 0.8694444444444445, 0.8777777777777778, 0.9027777777777778, 0.925, 0.9305555555555556, 0.925, 0.9611111111111111, 0.9583333333333334, 0.9694444444444444, 0.9583333333333334], "val_loss": [], "val_acc": []}