{"train_loss": [5.003989071316189, 3.6723843786451553, 3.5698543707529704, 3.5096876515282527, 3.37809493276808, 3.3535756905873617, 3.178365225262112, 2.9992652310265435, 3.008353090286255, 2.9392484770880807, 2.76873419019911, 2.6508507940504287, 2.7277445369296602, 2.608339786529541, 2.669752327601115, 2.5322730170355903, 2.4569250371721054, 2.4549844847785103, 2.277057727177938, 2.3336910671657987], "train_acc": [0.027777777777777776, 0.044444444444444446, 0.05, 0.08611111111111111, 0.075, 0.08888888888888889, 0.13055555555555556, 0.1388888888888889, 0.125, 0.15833333333333333, 0.175, 0.2222222222222222, 0.20555555555555555, 0.23333333333333334, 0.21388888888888888, 0.25, 0.24722222222222223, 0.275, 0.26666666666666666, 0.2611111111111111], "val_loss": [], "val_acc": []}