{"train_loss": [3.900537109375, 3.6872489929199217, 3.492391856511434, 3.0930952813890245, 2.6385187519921196, 2.2927481863233776, 1.78357675075531, 1.5336270544264052, 1.1488443427615695, 0.8904012468126085, 0.7511847138404846, 0.5928469472461276, 0.49159723122914634, 0.3710861457718743, 0.31664861573113334, 0.26705714464187624, 0.26989371842808196, 0.2097902829448382, 0.16708710094292958, 0.1593267646100786], "train_acc": [0.027777777777777776, 0.03888888888888889, 0.09166666666666666, 0.14722222222222223, 0.20555555555555555, 0.3055555555555556, 0.46944444444444444, 0.5222222222222223, 0.6472222222222223, 0.6944444444444444, 0.7722222222222223, 0.8055555555555556, 0.8277777777777777, 0.8916666666666667, 0.8888888888888888, 0.9027777777777778, 0.9166666666666666, 0.9388888888888889, 0.95, 0.9472222222222222], "val_loss": [], "val_acc": []}