{"train_loss": [1.671005686378479, 1.3603029579162598, 1.2374519625091553, 1.1578219017791749, 1.1030230996704102, 1.0412405753898621, 1.012048323020935, 0.9668399700164795, 0.9414977955627442, 0.9181810063171387, 0.8929682048416138, 0.8755929503631592, 0.864228242931366, 0.8368350095939636, 0.8253822817611695, 0.8127224500274658, 0.7976011129570008, 0.7850375219917297, 0.7667950835037232, 0.7615849153137207, 0.7539430389404297, 0.7495157740592957, 0.7353521503067016, 0.7305864438247681, 0.722512837715149, 0.7167107061386109, 0.7121631362533569, 0.7047273087310791, 0.6991247634506226, 0.6898829979515075], "train_acc": [0.3753, 0.50712, 0.55956, 0.58932, 0.6151, 0.63872, 0.64938, 0.66454, 0.67474, 0.6829, 0.69286, 0.69556, 0.70404, 0.71094, 0.71712, 0.72158, 0.72486, 0.73034, 0.7393, 0.73906, 0.74164, 0.74408, 0.74806, 0.75132, 0.75162, 0.75356, 0.75702, 0.75848, 0.76098, 0.76402], "val_loss": [], "val_acc": []}