{"train_loss": [1.8059701192474364, 1.5264764878845214, 1.3970902345657348, 1.3235135514831542, 1.2666793560409546, 1.2235218366241456, 1.1786785403060913, 1.1518154092407227, 1.122489917678833, 1.098350218887329, 1.0739074182891846, 1.0498899842071534, 1.033419202194214, 1.013295728778839, 1.0030048056221008, 0.9912055137252808, 0.9693663430976868, 0.9646458992004394, 0.9480895112800598, 0.9387658990097046, 0.9308492570686341, 0.9194728486824035, 0.9094704351043701, 0.8984561868667602, 0.8937007119369507, 0.8841124890136719, 0.8862015390205383, 0.8771415328598022, 0.8741128053474426, 0.8672792713928222], "train_acc": [0.28906, 0.42984, 0.49422, 0.5261, 0.55152, 0.56788, 0.58826, 0.5957, 0.6083, 0.61658, 0.62864, 0.63726, 0.64078, 0.6503, 0.65588, 0.66232, 0.66792, 0.67184, 0.6767, 0.67948, 0.68498, 0.68692, 0.69058, 0.6913, 0.69778, 0.69848, 0.69766, 0.70368, 0.70306, 0.70438], "val_loss": [], "val_acc": []}