{"train_loss": [1.8581944076538086, 1.6396447158432006, 1.562964400100708, 1.5081446028900147, 1.4588309295272828, 1.4246624230194092, 1.3890402169799805, 1.3651711184692383, 1.3413276850128173, 1.317539154701233, 1.308263738937378, 1.2979237930297851, 1.2838029194259644, 1.269523147354126, 1.2608953176498414, 1.2565343424224853, 1.245139299621582, 1.2400062615966796, 1.2333592409515381, 1.2299942653656006, 1.2168275131225585, 1.216268650817871, 1.212374002685547, 1.200888279953003, 1.2006312712860108, 1.193445569114685, 1.191416333770752, 1.1890483474349975, 1.1839884733963013, 1.1795103271865846], "train_acc": [0.28154, 0.3808, 0.41456, 0.44348, 0.46888, 0.47988, 0.49886, 0.51166, 0.51878, 0.52836, 0.53426, 0.53738, 0.54384, 0.55074, 0.55692, 0.55424, 0.5624, 0.5638, 0.56754, 0.56804, 0.57254, 0.57394, 0.57644, 0.57962, 0.57836, 0.58262, 0.58364, 0.58362, 0.58714, 0.5855], "val_loss": [], "val_acc": []}