{"train_loss": [1.8209282006454468, 1.5329481407928467, 1.4402418257522582, 1.36113623588562, 1.3128477278137207, 1.2731876550292969, 1.2359892162322998, 1.2015530926513671, 1.1763761750793458, 1.157772909564972, 1.1377068976974487, 1.1172586293411255, 1.0966949961662293, 1.0912633640289306, 1.0738232014846802, 1.056151512298584, 1.0483375677108764, 1.0384543116760254, 1.0248001342391968, 1.021141485118866, 1.0075471164131165, 1.004808239326477, 1.006073419342041, 0.9905851167678833, 0.9841291538238526, 0.9767109864807129, 0.968184750328064, 0.9693242963409424, 0.9617733056640625, 0.9579836087799072], "train_acc": [0.3118, 0.43886, 0.4769, 0.51392, 0.5314, 0.54816, 0.56604, 0.57738, 0.58884, 0.5972, 0.60386, 0.61206, 0.61898, 0.62248, 0.62948, 0.63478, 0.6389, 0.64018, 0.64686, 0.64872, 0.65394, 0.65748, 0.65602, 0.6599, 0.6602, 0.6653, 0.66854, 0.66834, 0.6713, 0.67266], "val_loss": [], "val_acc": []}