{"train_loss": [1.6823498230743408, 1.3975639920043945, 1.2887334700393678, 1.2055647230529785, 1.1465443810272218, 1.0904676517868042, 1.0566124948120117, 1.0128134929656982, 0.9940295312309265, 0.9568702862167359, 0.9366188870429992, 0.9183251762580872, 0.9024379548835755, 0.8822227968978882, 0.8707074156188965, 0.85648485496521, 0.8453721732711792, 0.8429854424858093, 0.8314191543197632, 0.8151547135925293, 0.8095295242500306, 0.8040226187133789, 0.7979024967002869, 0.7948393033218384, 0.7820008936309815, 0.7730744603347778, 0.7737408322906494, 0.7667407100296021, 0.7606925263404846, 0.7596524785995483], "train_acc": [0.3744, 0.49444, 0.54168, 0.57282, 0.59426, 0.61726, 0.63124, 0.64418, 0.65518, 0.66914, 0.67342, 0.68, 0.6859, 0.69372, 0.69962, 0.7011, 0.70984, 0.70808, 0.71304, 0.71776, 0.72038, 0.72022, 0.72336, 0.72392, 0.72912, 0.73018, 0.7339, 0.7337, 0.73644, 0.73898], "val_loss": [], "val_acc": []}