{"train_loss": [1.8268674036026, 1.5892044729614259, 1.5135796615600585, 1.4636158333206177, 1.4164706134414673, 1.386573302192688, 1.3460529478836059, 1.3287011023712159, 1.2927958852386474, 1.2746554781723023, 1.2577780435943604, 1.2387640649414062, 1.2258432299041748, 1.211753713912964, 1.211723742790222, 1.1920779140090942, 1.1893880765151978, 1.1754602879333496, 1.1817524285507202, 1.1687365405273438, 1.1573645461654662, 1.1590456351470948, 1.1454020655059813, 1.143049804534912, 1.1415803448867798, 1.135455323486328, 1.1289848794555664, 1.1288735126495362, 1.1176006285858153, 1.1195432188606262], "train_acc": [0.31412, 0.4185, 0.45456, 0.47266, 0.49114, 0.50642, 0.52304, 0.52908, 0.54282, 0.54926, 0.55596, 0.5649, 0.56986, 0.57848, 0.57912, 0.58056, 0.58842, 0.58764, 0.59008, 0.59284, 0.59506, 0.59648, 0.60072, 0.60286, 0.60176, 0.60612, 0.60644, 0.60768, 0.61458, 0.6119], "val_loss": [], "val_acc": []}