{"train_loss": [1.865446003074646, 1.5905395238876343, 1.5053863207244873, 1.4489486309051514, 1.4067036763763427, 1.3696921657562255, 1.3370096710968018, 1.3043154890060424, 1.2739313941574097, 1.2559685417938233, 1.2357598329925537, 1.2160127505111695, 1.1945322333908082, 1.181019419670105, 1.1663349144744872, 1.1512711281585692, 1.1365712846755982, 1.118898356552124, 1.108921212501526, 1.100686102027893, 1.0956279997253418, 1.0841743654060363, 1.0736693790054321, 1.0632933452606201, 1.0553240291976929, 1.045883655319214, 1.0453674027824402, 1.0309592886161805, 1.0265421365356446, 1.021107014503479, 1.0131334883880616, 1.0054400530815124, 1.003282665271759, 0.997287910118103, 0.9972207262420655, 0.984679855003357, 0.9891259356689454, 0.9819830885314942, 0.9719862521362305, 0.9699604991912841, 0.9697510681152344, 0.9648694670486451, 0.9566413873291015, 0.9540329788970947, 0.9486531380081177, 0.9442024554824829, 0.9502445390510559, 0.9449783304977417, 0.9424151736068725, 0.9368349662399292], "train_acc": [0.28608, 0.40634, 0.44572, 0.4697, 0.48774, 0.50092, 0.51298, 0.52832, 0.53694, 0.54978, 0.5563, 0.56596, 0.57436, 0.58146, 0.58586, 0.59582, 0.59736, 0.5997, 0.60868, 0.6138, 0.61798, 0.61858, 0.62512, 0.62558, 0.62794, 0.63378, 0.63328, 0.63746, 0.6392, 0.64216, 0.64532, 0.64758, 0.64932, 0.64972, 0.65106, 0.65468, 0.65328, 0.6565, 0.66054, 0.6594, 0.65878, 0.66224, 0.6667, 0.66668, 0.66738, 0.66996, 0.66624, 0.67232, 0.6723, 0.6733], "val_loss": [], "val_acc": []}