{"train_loss": [1.7573801661300659, 1.4582060704803468, 1.3541324805450439, 1.2851887348175048, 1.224703000679016, 1.1745578076171874, 1.1359273136520385, 1.0987616583251953, 1.0693069485664368, 1.0357895008468627, 1.0061745111083984, 0.9911566095733643, 0.9696064120483399, 0.9472370842170715, 0.9338663861846924, 0.909899364490509, 0.8993486994171143, 0.8793341494369507, 0.8665699875640869, 0.8566956017875671, 0.8488216795539856, 0.832908637828827, 0.8304613034439087, 0.8124874610328674, 0.7987268911933899, 0.7931561296463012, 0.7835146439170837, 0.7851638735198975, 0.7726586290359497, 0.760036178894043], "train_acc": [0.34256, 0.47034, 0.51266, 0.53736, 0.56216, 0.58326, 0.5985, 0.6125, 0.62402, 0.63474, 0.64814, 0.65392, 0.66098, 0.66834, 0.67512, 0.6814, 0.68464, 0.69176, 0.69664, 0.70302, 0.70538, 0.71104, 0.71098, 0.7164, 0.72468, 0.7238, 0.7254, 0.72694, 0.73066, 0.73296], "val_loss": [], "val_acc": []}