{"train_loss": [1.6916629345703125, 1.3995361547088623, 1.282445175743103, 1.2052762427139283, 1.1460159933471679, 1.095959898223877, 1.0581051846313476, 1.0314389876937866, 0.9979354047966004, 0.9725308656692505, 0.9539486026000976, 0.9260241946601868, 0.9103667449760438, 0.8997573168182373, 0.8787972053146362, 0.8658289890098572, 0.850912453250885, 0.8423331192016602, 0.8367529888534546, 0.8274578026199341, 0.8197857851409912, 0.8116854371833802, 0.8001199821662903, 0.8022488226890564, 0.7895614799499512, 0.7837936057662964, 0.7794145212936401, 0.7772383296012878, 0.7670121451187134, 0.7669091129302978, 0.7549228322982788, 0.7505230188179016, 0.7468062455749511, 0.7417295373153686, 0.7410974568748474, 0.7343947389411927, 0.7402778826522827, 0.7222719578933716, 0.7221046056556701, 0.7212633429336548, 0.7147797683906555, 0.7088072804260254, 0.7088167992401123, 0.7036368439865113, 0.7003506314659118, 0.6929128949546814, 0.693137548046112, 0.6976263111686707, 0.6953267649650574, 0.6829572765350341], "train_acc": [0.37076, 0.49068, 0.54302, 0.5754, 0.59664, 0.61586, 0.62714, 0.6417, 0.65402, 0.6602, 0.66874, 0.67986, 0.68506, 0.68454, 0.69646, 0.69876, 0.70554, 0.70792, 0.70976, 0.71388, 0.71684, 0.71988, 0.72374, 0.72614, 0.72922, 0.73328, 0.73154, 0.73172, 0.73496, 0.7355, 0.73958, 0.74192, 0.74152, 0.7442, 0.74466, 0.74638, 0.7451, 0.75106, 0.75188, 0.75172, 0.75226, 0.75338, 0.75776, 0.75902, 0.75534, 0.76092, 0.76204, 0.7599, 0.76254, 0.76458], "val_loss": [], "val_acc": []}