{"train_loss": [1.3828920151519775, 1.017672201385498, 0.9014713281440735, 0.8287513646316529, 0.7812864501380921, 0.7375268054199219, 0.7099605327033996, 0.6795571569633484, 0.6597177346611023, 0.6355636833190917, 0.6135714710426331, 0.5979686730003357, 0.5758643761825561, 0.5700535857772827, 0.5494596805763244, 0.5465641259384155, 0.5327945631408691, 0.5293045538520813, 0.5124033944034576, 0.5080178736305236], "train_acc": [0.5036, 0.64486, 0.68832, 0.71366, 0.73096, 0.74722, 0.75644, 0.76704, 0.77438, 0.78422, 0.79136, 0.79648, 0.80588, 0.80362, 0.81356, 0.81504, 0.82024, 0.81994, 0.82682, 0.82936], "val_loss": [], "val_acc": []}