{"train_loss": [1.9237411206054686, 1.6807269162368774, 1.5741255127716065, 1.5307066757583618, 1.4730877698516847, 1.445995584487915, 1.4298779285812377, 1.4060244881820678, 1.392309169845581, 1.3845032287216186, 1.3793075085449218, 1.374308656463623, 1.3646783783721923, 1.3601297525405884, 1.3612954160308839, 1.3416818347930908, 1.3384779907608033, 1.3378293098068237, 1.3365095404434204, 1.3331023722076416], "train_acc": [0.2555, 0.36794, 0.41848, 0.44236, 0.46594, 0.48186, 0.48998, 0.49922, 0.5054, 0.50848, 0.50938, 0.51254, 0.5181, 0.52176, 0.51974, 0.52788, 0.5289, 0.5302, 0.52968, 0.52974], "val_loss": [], "val_acc": []}