{"train_loss": [1.5299527641677857, 1.2447625514793397, 1.1432735929107667, 1.0813443773269653, 1.0379121439170838, 0.9997943720817566, 0.9674778396987915, 0.939129808921814, 0.916301974143982, 0.8960386465835571, 0.879305214099884, 0.8575564248847961, 0.8464377899551392, 0.8356420512199402, 0.8128889623260498, 0.8012310168457031, 0.7903498927497864, 0.7824350834846496, 0.7714481880760193, 0.7649005946159363], "train_acc": [0.44156, 0.5547, 0.5948, 0.61886, 0.63326, 0.65014, 0.65786, 0.66818, 0.67846, 0.68656, 0.69136, 0.69924, 0.70126, 0.70686, 0.71202, 0.71724, 0.72122, 0.72362, 0.73076, 0.73028], "val_loss": [], "val_acc": []}